Date,Albany,Atlanta,BaltimoreWashington,Boise,Boston,BuffaloRochester,California,Charlotte,Chicago,CincinnatiDayton,Columbus,DallasFtWorth,Denver,Detroit,GrandRapids,GreatLakes,HarrisburgScranton,HartfordSpringfield,Houston,Indianapolis,Jacksonville,LasVegas,LosAngeles,Louisville,MiamiFtLauderdale,Midsouth,Nashville,NewOrleansMobile,NewYork,Northeast,NorthernNewEngland,Orlando,Philadelphia,PhoenixTucson,Pittsburgh,Plains,Portland,RaleighGreensboro,RichmondNorfolk,Roanoke,Sacramento,SanDiego,SanFrancisco,Seattle,SouthCarolina,SouthCentral,Southeast,Spokane,StLouis,Syracuse,Tampa,TotalUS,West,WestTexNewMexico
2015-12-27,1.83,1.84,1.51,0.91,1.48,1.47,1.45,1.9,1.58,1.43,1.53,1.33,1.43,1.61,1.67,1.49,1.45,2.32,1.31,1.49,1.82,1.94,1.21,1.82,1.57,1.6,1.62,1.55,1.9,1.7,1.65,1.67,1.5,1.72,1.5,1.6,1.24,1.74,1.53,1.41,1.72,1.62,1.88,1.51,1.71,1.39,1.7,1.59,1.07,1.54,1.63,1.52,1.46,1.81
2015-12-20,1.89,1.89,1.67,1.17,1.41,1.5,1.35,1.9,1.58,1.47,1.67,1.38,1.35,1.8,1.66,1.55,2.09,2.24,1.27,1.61,1.83,1.99,1.11,1.8,1.5,1.71,1.66,1.66,1.93,1.77,1.65,1.89,1.83,1.79,1.55,1.69,1.21,1.77,1.67,1.59,1.68,1.23,1.87,1.55,1.77,1.41,1.8,1.56,1.34,1.53,1.79,1.53,1.45,1.92
2015-12-13,1.85,1.78,1.72,0.87,1.55,1.45,1.39,1.9,1.59,1.32,1.59,1.43,1.36,1.53,1.55,1.53,2.0,2.34,1.35,1.35,1.9,1.89,1.14,1.52,1.5,1.68,1.53,1.6,1.9,1.8,1.62,1.87,1.79,1.72,1.56,1.82,0.93,1.81,1.67,1.55,1.68,1.27,1.94,1.03,1.74,1.43,1.74,1.32,1.8,1.53,1.76,1.43,1.16,1.8
2015-12-06,1.84,1.48,1.46,1.36,1.29,1.57,1.48,1.95,1.59,1.48,1.52,1.48,0.92,1.8,1.64,1.6,1.3,2.16,1.49,1.31,1.76,1.97,1.23,1.19,1.49,1.59,1.49,1.35,1.65,1.53,1.61,1.85,1.35,1.87,1.55,1.92,1.66,1.82,1.67,1.55,1.43,1.83,1.92,2.06,1.73,1.49,1.66,2.09,2.12,1.56,1.76,1.52,1.39,
2015-11-29,1.94,1.37,1.32,1.34,1.28,1.6,1.75,1.96,1.59,1.5,1.48,1.46,0.88,1.81,1.66,1.61,1.4,2.33,1.51,1.52,1.87,2.17,1.33,1.19,1.51,1.5,1.21,1.58,1.89,1.59,1.63,1.87,1.45,1.89,1.4,1.82,1.38,1.78,1.68,1.61,2.04,1.87,2.58,2.06,1.71,1.47,1.63,1.8,1.58,1.59,1.73,1.5,1.26,2.08
2015-11-22,1.94,1.88,1.39,1.54,1.27,1.57,1.6,1.97,1.57,1.36,1.48,1.46,1.39,1.84,1.66,1.57,1.47,2.31,1.5,1.57,1.9,2.03,1.34,1.87,1.11,1.66,1.66,1.7,1.84,1.63,1.66,1.84,1.55,1.89,1.54,1.69,1.12,1.79,1.65,1.54,1.79,1.85,2.04,1.14,1.89,1.53,1.81,1.23,1.35,1.63,1.78,1.49,1.29,1.97
2015-11-15,1.89,1.85,1.64,1.78,1.15,1.59,1.59,1.94,1.58,1.2,1.48,1.36,1.33,1.84,1.65,1.54,1.92,2.23,1.5,1.54,1.88,2.05,1.31,1.83,1.44,1.7,1.65,1.7,1.76,1.58,1.57,1.83,1.76,1.89,1.43,1.68,1.8,1.77,1.65,1.53,1.87,1.68,2.02,1.5,1.82,1.5,1.75,1.71,1.25,1.64,1.75,1.6,1.61,1.92
2015-11-08,1.88,1.74,1.65,1.5,1.22,1.55,1.66,1.91,1.59,1.3,1.4,1.46,1.14,1.74,1.64,1.54,1.99,2.14,1.44,1.57,1.83,1.96,1.42,1.68,1.59,1.66,1.59,1.52,1.82,1.63,1.58,1.83,1.87,1.72,1.44,1.73,1.39,1.75,1.58,1.44,1.8,1.82,1.98,1.46,1.74,1.51,1.73,1.73,1.48,1.6,1.74,1.54,1.36,1.98
2015-11-01,1.88,1.79,1.6,1.16,1.3,1.55,1.6,1.92,1.6,1.61,1.47,1.41,1.26,1.85,1.6,1.59,2.02,1.96,1.49,1.55,1.82,1.88,1.36,1.65,1.5,1.61,1.63,1.67,2.09,1.74,1.62,1.8,2.06,1.7,1.46,1.55,0.98,1.65,1.4,1.19,1.9,1.64,2.01,1.25,1.75,1.51,1.73,1.33,1.04,1.65,1.5,1.47,1.23,1.92
2015-10-25,1.83,1.87,1.59,1.95,1.27,1.55,1.64,1.93,1.61,1.56,1.44,1.48,1.27,1.8,1.57,1.58,1.79,1.98,1.48,1.62,1.89,2.16,1.41,1.64,1.5,1.7,1.69,1.45,1.94,1.69,1.61,1.85,1.86,1.52,1.47,1.64,1.74,1.78,1.66,1.56,1.86,1.65,1.94,1.74,1.77,1.52,1.78,1.99,1.2,1.6,1.49,1.62,1.59,2.0
2015-10-18,1.97,1.94,1.54,2.05,1.26,1.57,2.01,1.97,1.79,1.5,1.36,1.39,1.3,1.65,1.61,1.6,1.48,2.18,1.48,1.46,2.26,2.21,1.62,1.52,1.51,1.66,1.66,1.52,2.07,1.7,1.63,2.18,1.74,1.84,1.45,1.68,1.78,1.73,1.63,1.58,2.14,1.85,2.79,1.88,1.84,1.49,1.91,1.89,1.26,1.61,1.49,1.71,1.69,2.02
2015-10-11,1.9,1.75,1.53,1.95,1.26,1.52,2.07,1.94,1.69,1.66,1.27,1.48,1.28,1.61,1.74,1.6,1.49,2.27,1.48,1.4,2.11,2.22,1.72,1.65,1.51,1.53,1.55,1.54,2.09,1.69,1.61,2.05,1.62,1.91,1.45,1.82,1.68,1.59,1.31,1.13,2.1,1.82,2.66,1.75,1.79,1.51,1.78,1.8,1.57,1.57,1.5,1.69,1.66,2.05
2015-10-04,1.98,1.79,1.63,1.83,1.28,1.55,2.0,2.06,1.78,1.54,1.49,1.49,1.25,1.81,1.69,1.67,2.02,2.3,1.48,1.53,2.14,2.31,1.68,1.87,1.5,1.73,1.75,1.61,2.25,1.82,1.62,2.11,2.15,1.93,1.19,1.76,1.57,1.76,1.68,1.6,2.01,1.85,2.59,1.73,1.96,1.55,1.84,1.92,1.52,1.64,1.47,1.72,1.61,2.01
2015-09-27,1.98,2.01,1.7,2.02,2.0,1.58,1.85,2.16,1.67,1.46,1.67,1.48,1.35,1.71,1.68,1.66,2.24,2.41,1.47,1.66,2.31,1.85,1.51,1.79,1.5,1.76,1.7,1.68,2.22,2.12,1.93,2.24,2.21,1.85,1.47,1.85,1.72,1.81,1.65,1.67,1.95,1.7,2.74,1.75,2.06,1.53,2.01,1.91,1.94,1.72,1.31,1.75,1.65,1.76
2015-09-20,1.98,2.04,1.35,1.93,2.01,1.56,1.92,1.97,1.6,1.58,1.82,1.47,1.36,1.86,1.69,1.68,1.94,2.31,1.47,1.7,2.11,2.4,1.57,1.65,1.47,1.72,1.74,1.65,2.01,1.93,1.96,2.08,1.87,1.98,1.44,1.85,1.76,1.86,1.87,1.85,2.0,1.69,2.79,1.97,1.91,1.53,1.92,2.13,1.91,1.68,1.46,1.77,1.73,2.19
2015-09-13,1.99,2.0,1.6,2.28,2.0,1.55,1.97,2.02,1.61,1.59,1.74,1.48,1.36,1.81,1.68,1.67,1.84,2.36,1.41,1.64,2.18,2.34,1.66,1.69,1.43,1.75,1.53,1.62,2.18,1.97,1.93,2.11,1.95,1.9,1.47,1.87,2.07,1.94,1.84,1.84,2.02,1.81,2.73,2.11,1.98,1.5,1.95,2.06,1.87,1.61,1.43,1.8,1.83,1.99
2015-09-06,1.86,1.98,1.58,2.35,1.97,1.53,1.99,2.01,1.61,1.62,1.64,1.46,1.43,1.47,1.68,1.61,1.68,2.37,1.36,1.62,2.07,2.14,1.6,1.38,1.47,1.67,1.31,1.59,2.01,1.86,1.95,1.95,1.71,1.79,1.5,1.91,2.16,1.95,1.85,1.78,2.15,1.85,2.73,1.99,2.0,1.49,1.9,2.12,1.96,1.6,1.49,1.78,1.83,1.78
2015-08-30,1.88,1.53,1.6,1.47,2.03,1.62,1.98,2.01,1.6,1.56,1.48,1.36,1.45,1.32,1.68,1.56,1.73,2.33,1.22,1.66,1.93,1.75,1.58,1.44,1.47,1.7,1.45,1.08,2.24,2.01,1.92,2.11,1.93,1.8,1.52,1.9,1.37,1.94,1.8,1.73,2.1,1.88,2.77,1.58,1.92,1.33,1.74,1.58,1.92,1.68,1.48,1.66,1.54,1.69
2015-08-23,1.87,1.52,1.72,2.29,2.0,1.57,1.85,2.06,1.61,1.58,1.66,1.36,1.46,1.43,1.49,1.59,1.7,2.31,1.26,1.69,1.82,1.62,1.52,1.49,1.5,1.7,1.36,1.63,2.28,1.99,1.91,1.96,1.99,1.81,1.66,1.92,2.21,1.92,1.74,1.69,1.84,1.74,2.71,1.9,1.91,1.39,1.71,2.11,1.97,1.62,1.5,1.72,1.75,1.61
2015-08-16,2.0,1.83,1.75,1.69,2.09,1.89,1.96,2.04,1.62,1.66,2.08,1.45,1.45,1.74,1.64,1.72,1.88,2.39,1.35,1.79,1.69,1.63,1.55,1.52,1.51,1.7,1.4,1.55,2.3,2.11,1.93,1.72,2.06,1.79,1.57,1.88,1.73,1.9,1.68,1.65,2.09,1.82,2.73,1.7,1.97,1.45,1.75,1.77,2.07,1.86,1.5,1.75,1.67,1.66
2015-08-09,1.88,2.01,1.66,1.91,2.02,1.6,2.03,1.98,1.62,1.59,1.98,1.4,1.44,1.85,1.76,1.7,1.69,2.31,1.29,1.77,2.19,1.82,1.61,1.37,1.5,1.65,1.43,1.69,1.98,1.89,1.92,1.77,1.79,1.82,1.47,1.87,2.02,1.82,1.59,1.6,2.17,1.82,2.72,1.96,2.0,1.42,1.9,2.07,1.97,1.66,1.5,1.0,1.77,1.86
2015-08-02,2.0,1.8,1.72,2.15,2.12,1.86,1.99,2.11,1.59,1.62,1.8,1.31,1.43,1.66,1.63,1.64,1.96,2.42,1.17,1.65,2.21,1.8,1.63,1.37,1.51,1.71,1.43,1.86,2.12,2.02,1.96,2.0,1.94,1.88,1.57,1.84,1.94,1.86,1.7,1.7,2.1,1.86,2.76,2.04,1.94,1.37,1.88,2.11,1.87,1.98,1.5,1.0,1.81,1.9
2015-07-26,2.01,1.56,1.72,2.08,2.02,1.87,1.93,2.08,1.62,1.63,1.31,1.14,1.43,1.28,1.86,1.5,2.06,2.39,1.19,1.11,1.83,1.85,1.53,1.03,1.48,1.52,1.15,1.59,1.91,1.94,1.95,1.74,1.92,1.85,1.46,1.84,1.96,1.77,1.41,1.34,2.12,1.71,2.75,2.2,1.81,1.26,1.67,2.07,1.91,1.92,1.49,1.0,1.86,1.84
2015-07-19,2.08,1.29,1.81,1.45,2.05,1.91,1.89,2.05,1.65,1.66,1.46,1.29,1.45,1.24,1.9,1.48,1.92,2.45,1.21,0.99,1.63,1.92,1.56,1.18,1.45,1.51,1.23,1.45,2.2,2.07,1.96,1.72,1.97,1.85,1.83,1.85,1.37,1.76,1.35,1.19,1.98,1.85,2.36,1.64,1.79,1.31,1.53,1.55,1.86,2.07,1.42,1.0,1.56,1.74
2015-07-12,2.01,1.6,1.7,2.05,2.19,2.02,1.8,2.13,1.66,1.56,1.01,1.27,1.44,1.01,1.86,1.4,1.92,2.38,1.17,1.19,1.91,2.09,1.59,1.48,1.56,1.51,1.28,1.55,2.02,2.01,1.95,1.89,1.98,1.82,1.81,1.89,1.82,1.77,1.28,1.14,1.72,1.81,2.09,2.23,1.84,1.27,1.72,2.07,1.92,2.05,1.63,1.0,1.81,1.96
2015-07-05,2.04,1.5,1.69,2.18,2.13,1.91,1.67,2.16,1.67,1.59,1.31,1.3,1.42,1.47,1.84,1.54,2.01,2.4,1.17,1.11,1.87,1.6,1.46,1.49,1.88,1.61,1.23,1.58,2.24,2.09,1.95,1.82,2.03,1.72,1.83,1.92,1.93,1.82,1.49,1.37,1.86,1.55,1.96,1.98,1.84,1.34,1.72,1.85,1.86,1.84,1.9,1.0,1.71,1.58
2015-06-28,2.02,1.39,1.7,1.58,2.03,1.83,1.67,2.15,1.68,1.49,1.35,1.33,1.44,1.56,1.92,1.59,1.85,2.31,1.21,1.58,1.95,1.54,1.47,1.49,1.86,1.62,1.47,1.61,1.93,1.93,1.95,1.87,1.88,1.54,1.77,1.93,1.53,1.8,1.4,1.31,1.84,1.55,1.96,1.71,1.9,1.35,1.74,1.61,2.0,1.86,1.81,1.64,1.59,1.58
2015-06-21,2.09,1.83,1.69,1.49,2.06,1.9,1.69,2.19,1.82,1.39,1.35,1.37,1.43,1.64,1.93,1.62,1.9,2.4,1.22,1.8,1.92,1.51,1.46,1.46,1.92,1.65,1.8,1.64,2.34,2.12,1.93,1.89,2.05,1.48,1.58,1.88,1.53,1.83,1.35,1.33,1.82,1.56,1.95,1.75,2.07,1.4,1.88,1.59,1.83,1.88,1.84,1.66,1.57,1.66
2015-06-14,2.03,1.85,1.61,2.18,2.03,1.83,1.68,2.06,1.87,1.34,1.5,1.35,1.44,1.37,1.8,1.58,1.83,2.25,1.21,1.57,1.88,1.44,1.44,1.58,1.81,1.6,1.76,1.63,2.0,1.93,1.94,1.86,1.84,1.62,1.56,1.79,1.91,1.75,1.33,1.16,1.81,1.53,1.95,2.03,1.99,1.38,1.87,1.88,1.85,1.91,1.73,1.68,1.71,1.55
2015-06-07,1.93,1.74,1.71,2.24,2.0,1.8,1.67,2.02,1.85,1.46,1.21,1.35,1.44,1.28,1.7,1.55,1.84,2.34,1.19,1.45,1.64,1.43,1.42,1.24,1.75,1.47,1.25,1.54,2.31,2.02,1.92,1.81,1.94,1.54,1.57,1.9,1.96,1.66,1.24,1.08,1.85,1.51,1.96,2.01,1.95,1.37,1.75,1.88,1.92,1.77,1.71,1.67,1.74,1.48
2015-05-31,1.9,1.84,1.69,1.54,1.94,1.79,1.5,2.14,1.85,1.47,1.49,1.38,1.43,1.55,1.85,1.65,1.83,2.24,1.23,1.56,1.83,1.35,1.4,1.34,1.72,1.44,1.55,1.55,1.93,1.89,1.91,1.84,1.86,1.54,1.51,1.93,1.5,1.6,1.13,0.98,1.62,1.49,1.54,1.65,2.02,1.41,1.81,1.55,2.06,1.81,1.72,1.58,1.53,1.39
2015-05-24,1.93,1.74,1.69,1.97,1.94,1.8,1.5,2.07,1.86,1.48,1.51,1.36,1.43,1.61,1.83,1.66,1.84,2.36,1.26,1.65,1.83,1.33,1.42,1.51,1.77,1.37,1.35,1.61,2.17,1.97,1.88,1.81,1.9,1.7,1.54,1.92,1.82,1.36,1.02,0.89,1.62,1.51,1.52,1.85,1.99,1.39,1.78,1.76,2.04,1.8,1.7,1.59,1.6,1.38
2015-05-17,1.87,1.78,1.42,1.92,1.91,1.79,1.49,1.26,1.57,1.27,1.21,1.35,1.22,1.34,1.85,1.44,1.88,2.3,1.25,1.19,1.75,1.35,1.41,1.44,1.79,1.24,1.55,1.53,2.06,1.92,1.88,1.88,1.85,1.67,1.53,1.93,1.68,1.15,1.01,0.92,1.53,1.48,1.53,1.81,1.44,1.41,1.7,1.78,2.01,1.74,1.69,1.5,1.49,1.42
2015-05-10,1.98,1.82,1.7,1.71,2.02,1.85,1.4,2.05,1.47,1.43,0.81,1.39,1.23,1.09,1.22,1.13,1.78,2.31,1.28,1.08,1.81,1.34,1.39,1.04,1.77,1.28,1.13,1.6,1.93,1.9,1.91,1.78,1.79,1.46,1.49,1.85,1.64,1.32,1.03,0.82,1.3,1.45,1.48,1.66,1.87,1.4,1.77,1.76,2.0,1.85,1.69,1.42,1.47,1.43
2015-05-03,2.03,2.03,1.66,1.55,1.82,1.81,1.48,1.8,1.51,1.42,0.89,1.37,1.03,1.37,1.61,1.22,1.84,1.55,1.26,1.3,1.82,1.41,1.36,1.38,1.35,1.34,1.57,1.55,2.14,1.89,1.92,1.82,1.85,1.4,1.49,1.92,1.54,1.35,1.03,0.88,1.64,1.41,1.55,1.56,1.92,1.43,1.7,1.62,2.0,1.84,1.34,1.37,1.24,1.51
2015-04-26,1.9,2.01,1.7,1.36,1.86,1.84,1.5,2.18,1.51,1.36,1.57,1.34,1.03,1.63,1.79,1.55,1.81,2.24,1.26,1.69,1.88,1.76,1.4,1.67,1.25,1.46,1.68,1.56,2.21,1.96,1.88,1.88,1.86,1.65,1.38,1.93,1.27,1.51,1.12,0.94,1.62,1.48,1.52,1.66,2.02,1.43,1.7,1.5,2.03,1.77,1.31,1.45,1.27,1.92
2015-04-19,1.96,1.63,1.64,1.69,1.94,1.83,1.52,2.06,1.55,1.46,1.47,1.35,1.44,1.59,1.59,1.57,1.88,2.27,1.26,1.78,1.82,1.43,1.41,1.37,1.61,1.51,1.45,1.57,2.04,1.94,1.88,1.76,1.89,1.48,1.37,1.9,1.57,1.68,1.26,1.05,1.65,1.52,1.55,1.76,1.87,1.39,1.69,1.69,2.09,1.83,1.48,1.59,1.58,1.6
2015-04-12,1.76,1.79,1.66,1.41,1.86,1.79,1.5,2.12,1.3,1.49,1.66,1.39,1.42,1.72,1.86,1.42,1.79,2.16,1.26,1.76,1.89,1.56,1.39,1.42,1.81,1.53,1.5,1.58,1.86,1.81,1.87,1.89,1.73,1.56,1.45,1.82,1.32,1.67,1.23,1.03,1.65,1.49,1.54,1.59,1.94,1.4,1.82,1.58,2.05,1.71,1.69,1.53,1.5,1.66
2015-04-05,1.93,1.74,1.63,1.83,1.91,1.8,1.52,2.08,1.65,1.22,1.38,1.36,1.42,1.51,1.83,1.51,1.75,2.18,1.25,1.49,1.81,1.67,1.42,1.59,1.86,1.65,1.66,1.53,2.14,1.91,1.88,1.82,1.81,1.5,1.35,1.81,1.76,1.96,1.54,1.42,1.64,1.53,1.55,1.92,1.97,1.4,1.78,1.8,2.13,1.76,1.72,1.63,1.69,1.8
2015-03-29,1.93,1.88,1.63,1.52,1.98,1.83,1.53,1.96,1.66,1.27,1.79,1.36,1.44,1.74,1.87,1.62,1.79,2.27,1.24,1.81,1.76,1.43,1.42,1.63,1.83,1.65,1.67,1.57,2.08,1.95,1.9,1.89,1.83,1.46,1.41,1.85,1.45,1.78,1.6,1.51,1.64,1.53,1.55,1.56,1.93,1.42,1.84,1.55,2.09,1.82,1.73,1.6,1.54,1.77
2015-03-22,1.86,1.62,1.25,1.51,1.94,1.93,1.3,1.9,1.67,1.25,1.91,1.29,1.39,1.78,2.01,1.63,2.09,2.18,1.24,1.95,1.78,1.46,1.25,1.76,1.82,1.53,1.64,1.56,2.02,1.92,1.88,1.77,1.84,1.37,1.47,1.8,1.29,1.85,1.52,1.36,1.52,1.16,1.34,1.53,1.77,1.37,1.73,1.47,1.83,1.76,1.68,1.49,1.43,1.84
2015-03-15,1.79,1.19,1.59,1.63,1.99,1.79,1.52,1.87,1.64,1.22,1.65,1.34,1.12,1.49,1.87,1.55,1.72,2.26,1.27,1.78,1.86,1.89,1.42,1.65,1.73,1.65,1.78,1.55,1.81,1.83,1.9,1.82,1.7,1.56,1.68,1.67,1.61,1.87,1.57,1.5,1.63,1.49,1.56,1.8,1.5,1.38,1.48,1.66,1.81,1.67,1.68,1.5,1.41,1.82
2015-03-08,1.79,1.22,1.56,1.5,1.91,1.56,1.48,1.84,1.62,1.17,1.84,1.39,1.09,1.83,1.78,1.6,1.6,2.18,1.31,1.69,1.81,1.78,1.35,1.72,1.69,1.62,1.8,1.65,1.9,1.79,1.87,1.75,1.63,1.52,1.65,1.68,1.45,1.74,1.57,1.48,1.6,1.48,1.56,1.62,1.53,1.44,1.47,1.55,1.65,1.6,1.65,1.49,1.37,1.59
2015-03-01,1.76,1.22,1.58,1.68,1.85,1.55,1.15,1.9,1.82,1.24,1.86,1.29,1.27,1.92,1.84,1.69,1.74,2.17,1.2,1.79,1.75,1.61,1.14,1.65,1.75,1.61,1.76,1.54,2.0,1.85,1.82,1.7,1.83,1.37,1.63,1.7,1.32,1.73,1.47,1.33,1.22,1.09,1.09,1.71,1.52,1.34,1.46,1.58,1.85,1.59,1.63,1.4,1.4,1.64
2015-02-22,1.82,1.38,1.19,1.75,1.74,1.53,1.41,1.9,1.83,1.23,1.79,1.38,1.4,1.85,1.89,1.68,1.68,2.38,1.26,1.87,1.77,1.79,1.36,1.67,1.92,1.4,1.32,1.52,2.21,1.9,1.82,1.76,1.75,1.59,1.71,1.66,1.38,1.77,1.51,1.36,1.51,1.44,1.39,1.5,1.69,1.37,1.59,1.41,1.8,1.57,1.68,1.51,1.48,1.71
2015-02-15,1.81,1.46,1.56,1.62,1.91,1.65,1.52,1.92,1.81,1.22,1.64,1.41,1.44,1.82,1.88,1.65,1.65,2.13,1.29,1.77,1.82,1.79,1.43,1.75,1.75,1.48,1.11,1.48,1.91,1.84,1.87,1.85,1.68,1.66,1.71,1.68,1.51,1.69,1.59,1.46,1.63,1.49,1.55,1.59,1.72,1.39,1.64,1.51,1.82,1.72,1.75,1.58,1.58,1.7
2015-02-08,1.59,1.29,1.43,1.35,1.91,1.54,1.35,1.87,1.78,1.24,1.78,1.35,1.4,1.86,1.79,1.64,1.67,2.37,1.25,1.68,1.71,1.68,1.29,1.61,1.72,1.58,1.64,1.53,1.95,1.85,1.88,1.75,1.76,1.55,1.6,1.54,1.23,1.73,1.55,1.44,1.5,1.29,1.35,1.4,1.56,1.39,1.51,1.43,1.89,1.65,1.65,1.48,1.4,1.66
2015-02-01,1.83,1.44,1.15,1.43,1.78,1.55,1.11,1.93,1.52,1.19,1.63,1.24,1.29,1.55,1.98,1.53,1.65,1.54,1.15,1.69,1.76,1.6,1.12,1.55,1.73,1.44,1.65,1.48,1.93,1.78,1.89,1.76,1.69,1.18,1.77,1.67,1.2,1.79,1.58,1.5,1.22,1.11,1.06,1.44,1.66,1.28,1.6,1.38,1.93,1.65,1.68,1.36,1.34,1.77
2015-01-25,1.89,1.87,1.41,1.82,2.01,1.6,1.3,2.29,1.83,1.26,1.67,1.34,1.33,1.62,2.01,1.63,1.8,2.21,1.24,1.78,1.88,1.66,1.23,1.68,1.84,1.63,1.71,1.47,2.02,1.92,1.9,1.82,1.82,1.54,1.7,1.8,1.35,2.02,1.57,1.47,1.44,1.26,1.34,1.7,2.01,1.37,1.81,1.66,1.93,1.77,1.75,1.53,1.52,1.63
2015-01-18,1.93,1.86,1.41,1.44,2.0,1.64,1.24,2.15,1.81,1.37,1.84,1.28,1.1,1.9,1.88,1.73,1.94,2.35,1.2,1.96,1.82,1.63,1.29,1.79,1.87,1.65,1.81,0.98,2.08,1.94,1.88,1.79,1.93,1.36,1.55,1.8,1.24,1.97,1.62,1.48,1.13,1.29,1.27,1.45,1.93,1.27,1.79,1.44,1.92,1.84,1.73,1.42,1.33,1.71
2015-01-11,1.77,1.84,1.22,1.44,1.94,1.59,1.1,2.29,1.79,1.32,1.68,1.35,1.28,1.87,1.87,1.69,1.65,2.28,1.26,1.83,1.91,1.54,1.08,1.79,1.85,1.52,1.92,1.44,2.03,1.86,1.88,1.92,1.63,1.36,1.82,1.68,1.22,1.98,1.66,1.47,1.27,1.05,1.12,1.46,2.06,1.39,1.83,1.38,1.84,1.66,1.84,1.42,1.39,1.69
2015-01-04,1.79,1.76,1.29,1.64,1.83,1.73,1.24,2.13,1.49,1.34,1.44,1.35,1.42,1.7,1.6,1.54,1.68,2.32,1.22,1.63,1.81,1.5,1.25,1.48,1.82,1.56,1.84,1.41,1.93,1.88,1.83,1.8,1.72,1.12,1.81,1.69,1.28,2.01,1.54,1.39,1.33,1.23,1.18,1.49,1.86,1.35,1.75,1.3,1.8,1.72,1.7,1.46,1.4,1.64
2016-12-25,1.93,1.76,1.83,0.77,1.98,1.51,1.53,1.62,1.34,1.73,1.75,1.12,0.93,1.46,2.04,1.48,1.81,2.41,1.21,1.62,1.27,1.35,1.17,1.53,1.17,1.68,1.5,1.41,2.17,2.0,1.9,1.27,1.9,1.85,1.48,1.55,0.68,1.6,1.66,1.68,2.41,1.43,2.56,0.81,1.59,1.21,1.41,0.89,1.36,1.69,1.21,1.34,0.91,1.31
2016-12-18,1.86,1.19,1.86,1.14,2.0,1.52,1.61,1.59,1.34,0.82,1.64,1.11,1.47,1.5,2.11,1.31,1.82,2.36,1.0,1.45,1.27,1.42,1.29,1.23,1.17,1.46,1.05,1.43,1.99,1.94,1.95,1.26,1.87,1.83,1.48,1.6,0.99,1.6,1.61,1.5,2.36,1.63,2.57,1.08,1.5,1.1,1.26,1.03,1.35,1.63,1.22,1.43,1.23,1.34
2016-12-11,1.9,1.06,1.97,1.52,1.88,1.81,1.64,1.68,1.32,0.64,1.02,1.14,0.98,0.89,1.97,1.1,1.91,2.54,1.02,1.09,1.34,1.76,1.31,1.16,1.37,1.46,1.02,1.51,2.22,2.01,1.85,1.4,2.04,1.83,1.52,1.71,1.45,1.63,1.58,1.39,2.46,1.49,2.67,1.54,1.49,1.12,1.29,1.38,1.53,1.77,1.37,1.42,1.34,1.54
2016-12-04,1.97,1.22,2.15,1.48,2.0,1.88,1.89,1.99,1.71,1.07,1.36,1.25,0.85,1.36,1.32,1.47,2.01,2.42,1.0,1.63,1.35,2.17,1.52,1.28,1.52,1.59,0.83,1.55,2.04,2.0,1.96,1.46,2.01,1.96,1.53,1.7,1.46,2.01,1.3,1.16,2.52,2.06,2.67,1.45,1.69,1.21,1.44,1.48,1.43,1.83,1.45,1.56,1.31,1.82
2016-11-27,1.97,1.41,2.17,1.38,1.94,1.76,2.04,2.03,2.3,0.79,1.47,1.34,1.34,1.29,2.08,1.49,2.07,2.67,0.98,1.66,1.43,1.74,1.64,1.26,1.6,1.7,1.44,1.48,2.38,2.13,1.84,1.47,2.18,2.01,1.53,1.69,1.39,2.01,1.27,1.1,2.61,2.12,2.88,1.53,1.77,1.18,1.55,1.33,1.14,1.86,1.47,1.64,1.52,1.72
2016-11-20,1.93,1.56,2.03,1.46,1.8,1.77,2.1,1.95,2.3,0.96,1.31,1.37,1.72,1.05,2.26,1.47,1.85,2.3,0.99,1.59,1.49,1.83,1.67,0.93,1.6,1.46,0.8,1.55,2.04,1.93,1.81,1.53,1.9,2.01,1.53,1.63,1.41,1.87,1.1,0.98,2.54,2.22,2.94,1.59,1.7,1.22,1.58,1.67,1.04,1.77,1.5,1.63,1.66,1.75
2016-11-13,2.0,1.63,2.2,1.92,1.59,1.68,2.13,1.94,2.25,1.52,1.18,1.32,1.29,1.08,2.28,1.58,1.74,2.68,1.1,1.71,1.47,1.51,1.7,0.94,1.55,1.53,0.98,1.51,2.65,2.13,1.79,1.53,2.45,1.86,1.53,1.74,2.16,1.85,1.61,1.17,2.65,2.1,2.99,2.28,1.73,1.24,1.58,2.35,1.49,1.81,1.49,1.7,1.81,1.59
2016-11-06,1.93,1.64,2.28,2.0,1.72,1.56,2.37,1.92,2.24,0.9,0.89,1.36,1.74,0.79,2.17,1.25,1.9,2.57,1.43,1.81,1.43,1.94,1.94,1.17,1.64,1.48,0.88,1.66,2.46,2.07,1.84,1.56,2.32,2.35,1.53,1.76,1.79,1.85,1.16,0.96,2.82,2.51,3.12,1.69,1.67,1.44,1.62,2.02,1.29,1.7,1.52,1.68,1.84,2.01
2016-10-30,1.96,2.25,1.85,1.87,1.49,1.63,2.49,1.66,2.23,1.52,1.8,1.34,1.81,1.77,2.11,1.86,1.82,2.34,1.46,2.1,1.41,2.76,2.1,1.82,1.58,1.78,1.68,1.59,2.25,1.96,1.65,1.56,2.39,2.62,1.54,1.8,2.55,1.83,1.76,1.77,2.44,2.74,3.25,2.73,1.73,1.48,1.75,2.89,1.0,1.73,1.47,1.93,2.16,2.57
2016-10-23,1.86,1.25,1.81,1.76,1.32,1.61,2.58,1.64,2.2,1.2,1.18,1.37,1.71,1.06,2.17,1.43,1.44,1.98,1.43,1.58,1.4,2.3,2.44,1.03,1.58,1.37,0.82,1.51,2.1,1.7,1.75,1.5,2.06,2.22,1.52,1.55,2.1,1.69,1.16,0.97,2.23,2.73,2.93,2.24,1.4,1.41,1.36,2.23,1.12,1.69,1.49,1.63,1.92,2.27
2016-10-16,1.75,1.15,1.95,1.33,1.43,1.57,2.02,1.64,2.11,1.23,1.01,1.27,1.19,0.88,2.07,1.35,1.79,2.33,0.89,1.48,1.36,2.85,1.85,1.24,1.52,1.49,1.05,1.68,2.33,1.86,1.49,1.44,2.26,2.04,1.53,1.67,1.4,1.69,1.39,1.15,2.13,2.28,2.34,1.59,1.55,1.09,1.35,1.83,1.6,1.61,1.4,1.5,1.56,2.93
2016-10-09,1.75,1.07,1.87,1.5,1.57,1.57,1.98,1.64,2.04,1.51,1.03,1.25,1.49,0.91,1.99,1.36,1.72,2.34,0.84,1.48,1.98,2.09,1.58,1.08,1.45,1.34,0.68,1.91,2.3,1.91,1.56,2.0,2.17,2.4,1.51,1.55,1.39,1.65,1.25,1.02,2.39,2.22,2.72,1.73,1.6,1.09,1.44,2.26,1.23,1.6,1.58,1.52,1.68,2.35
2016-10-02,1.73,2.29,2.15,1.33,1.63,1.55,1.91,1.78,2.05,1.44,1.77,1.42,1.79,1.74,2.1,1.76,1.86,2.33,0.81,1.9,2.24,3.03,1.52,1.87,1.49,1.86,1.74,1.72,2.41,1.99,1.58,2.3,2.23,2.62,1.53,1.76,1.21,1.87,1.79,1.69,2.33,1.99,2.64,1.45,1.87,1.14,2.13,1.64,1.23,1.59,2.29,1.71,1.59,2.79
2016-09-25,1.68,2.02,2.06,1.39,1.72,1.6,1.95,1.8,2.05,1.35,1.3,1.35,1.72,1.08,2.16,1.51,1.91,2.34,0.87,1.97,1.46,2.91,1.62,1.81,1.43,1.74,1.72,1.5,2.34,1.96,1.51,2.03,2.24,2.47,1.53,1.87,1.57,1.81,1.54,1.34,2.18,2.35,2.35,1.69,1.81,1.15,1.81,2.27,1.5,1.6,1.51,1.69,1.78,2.83
2016-09-18,1.69,1.91,2.06,1.76,1.86,1.52,1.84,1.74,2.06,1.32,1.58,1.31,1.37,1.37,1.82,1.65,2.06,2.36,0.9,1.96,1.36,2.04,1.47,1.31,1.36,1.74,1.5,1.4,2.36,2.04,1.66,1.4,2.18,2.13,1.51,1.78,1.46,1.85,1.52,1.52,2.17,2.15,2.39,1.59,1.66,1.14,1.58,1.51,1.54,1.51,1.35,1.67,1.59,1.77
2016-09-11,1.68,1.43,2.14,1.29,1.84,1.51,1.55,1.75,2.07,1.13,1.12,1.16,1.4,0.93,1.91,1.43,2.03,2.27,0.87,1.59,1.87,2.2,1.2,1.07,1.36,1.5,0.93,1.42,2.06,1.95,1.65,1.47,2.08,2.16,1.49,1.86,1.22,1.77,1.24,1.08,2.19,1.59,2.37,1.39,1.6,1.07,1.5,1.53,1.52,1.54,1.35,1.52,1.48,1.87
2016-09-04,1.73,1.38,2.03,1.47,1.73,1.53,1.65,1.81,2.08,1.34,1.17,1.05,1.15,1.03,1.96,1.47,1.85,2.34,0.91,1.56,1.87,2.02,1.29,1.04,1.36,1.52,0.93,1.52,2.15,1.92,1.58,1.85,2.04,2.15,1.53,1.76,1.34,1.83,1.29,1.15,2.19,1.79,2.38,2.09,1.6,1.08,1.54,1.93,1.06,1.56,1.37,1.54,1.61,1.82
2016-08-28,1.66,1.14,2.05,2.24,1.36,1.54,1.63,1.78,2.09,0.77,1.32,1.02,1.47,1.14,1.8,1.29,1.69,2.23,0.91,1.25,1.73,2.02,1.26,1.23,1.36,1.51,1.3,1.49,2.32,1.84,1.51,1.8,2.06,2.18,1.52,1.67,2.06,1.79,1.32,1.05,2.23,1.89,2.38,2.24,1.51,1.04,1.41,2.51,1.04,1.54,1.39,1.49,1.92,1.69
2016-08-21,1.67,1.62,1.77,1.64,1.28,1.51,1.53,1.78,2.08,1.13,1.67,0.86,1.78,1.4,1.94,1.65,1.56,2.09,0.98,1.59,2.0,1.99,1.19,1.53,1.34,1.65,1.48,1.56,2.16,1.75,1.43,1.85,1.87,2.08,1.54,1.8,1.67,1.83,1.56,1.41,2.19,1.92,2.37,1.83,1.6,0.97,1.65,1.95,1.88,1.53,1.36,1.51,1.82,1.76
2016-08-14,1.72,1.58,1.76,1.87,1.23,1.55,1.47,1.82,2.09,1.3,1.54,0.86,1.19,1.45,1.93,1.67,1.62,2.19,1.1,1.67,2.1,2.14,1.2,1.59,1.34,1.62,1.48,1.55,2.27,1.85,1.4,1.88,2.06,2.13,1.54,1.82,1.74,1.84,1.43,1.26,1.96,1.91,2.02,2.19,1.61,0.98,1.63,2.25,1.97,1.53,1.35,1.48,1.75,1.72
2016-08-07,1.67,1.06,1.87,1.26,1.31,1.52,1.48,1.65,2.13,1.09,1.47,1.12,1.52,1.33,2.03,1.57,1.72,2.36,1.36,1.7,2.01,2.16,1.14,1.32,1.33,1.49,1.19,1.55,2.37,1.88,1.28,1.9,2.04,2.13,1.54,1.81,1.58,1.65,1.33,1.19,2.2,1.48,2.33,1.81,1.42,1.26,1.39,1.64,1.77,1.54,1.35,1.55,1.7,1.78
2016-07-31,1.43,1.62,2.02,1.42,1.14,1.55,1.56,1.64,2.11,1.51,1.4,1.03,1.79,1.35,1.86,1.66,1.68,2.19,1.45,1.8,1.92,2.27,1.21,1.3,1.22,1.56,1.11,1.41,2.41,1.87,1.1,1.84,2.2,2.19,1.49,1.72,1.64,1.68,1.39,1.2,2.19,1.97,2.29,1.34,1.58,1.22,1.62,1.31,1.57,1.41,1.24,1.58,1.65,1.84
2016-07-24,1.42,1.91,2.08,1.92,1.49,1.62,1.56,1.62,1.93,1.65,1.58,0.99,1.47,1.54,1.98,1.67,1.62,2.3,1.45,1.71,2.17,2.3,1.21,1.8,1.19,1.75,1.77,1.41,2.32,1.89,1.13,1.81,2.07,2.08,1.46,1.63,2.25,1.72,1.44,1.51,2.15,1.69,2.37,1.95,1.58,1.21,1.67,2.16,1.69,1.45,1.2,1.65,1.88,1.99
2016-07-17,1.57,1.21,1.98,1.54,1.77,1.76,1.59,1.58,1.89,1.04,1.2,1.05,1.6,1.14,1.82,1.33,2.04,2.39,1.39,1.19,2.11,2.25,1.23,1.26,1.33,1.59,1.2,1.34,2.4,2.07,1.47,1.9,2.16,1.77,1.44,1.76,1.86,1.76,1.5,1.49,2.14,1.91,2.3,2.11,1.32,1.21,1.45,2.32,2.0,1.6,1.44,1.63,1.85,1.89
2016-07-10,1.58,1.13,1.96,1.34,1.59,1.8,1.51,1.81,2.01,0.98,1.0,1.04,1.0,0.98,1.73,1.16,1.88,2.33,1.2,1.11,1.68,1.9,1.15,1.25,1.49,1.6,1.35,1.3,2.33,1.99,1.45,1.53,2.15,1.82,1.49,1.7,1.66,1.87,1.41,1.33,2.13,1.43,2.32,1.8,1.35,1.18,1.4,2.23,1.74,1.64,1.44,1.51,1.54,1.65
2016-07-03,1.43,0.85,1.99,1.2,1.61,2.02,1.58,1.72,1.5,1.05,1.02,0.99,1.2,1.05,1.8,1.22,1.81,2.33,1.29,1.39,1.26,1.59,1.23,1.05,1.24,1.52,0.89,1.18,2.28,1.86,1.33,1.32,2.16,1.65,1.47,1.63,1.33,1.88,1.44,1.52,2.13,1.49,2.31,1.65,1.23,1.13,1.16,1.69,1.75,1.68,1.3,1.47,1.47,1.43
2016-06-26,1.53,0.92,1.89,1.26,1.6,1.78,1.51,1.59,1.8,1.02,1.1,1.04,1.52,1.26,1.38,1.34,1.9,2.32,1.32,1.39,1.72,1.56,1.18,1.24,1.39,1.51,1.18,1.3,2.23,1.91,1.46,1.64,2.16,1.66,1.48,1.63,1.42,1.72,1.19,1.19,1.79,1.52,2.21,1.74,1.24,1.17,1.31,1.76,1.74,1.68,1.5,1.5,1.56,1.38
2016-06-19,1.45,0.81,1.75,1.05,1.53,1.72,1.57,1.72,1.53,1.04,0.99,1.05,1.52,1.03,1.67,1.23,1.9,2.31,1.13,1.37,1.71,1.52,1.23,0.85,1.29,1.36,0.86,1.25,2.26,1.9,1.42,1.51,2.19,1.69,1.43,1.63,1.23,1.78,1.2,1.18,2.13,1.46,2.31,1.75,1.21,1.14,1.22,1.75,1.83,1.71,1.36,1.45,1.49,1.37
2016-06-12,1.43,0.97,1.73,1.59,1.37,1.57,1.5,1.76,1.53,1.09,1.3,1.08,1.46,1.25,1.51,1.34,1.91,2.31,1.05,1.34,1.73,1.42,1.15,1.31,1.3,1.46,1.31,1.73,1.94,1.71,0.99,1.58,1.85,1.51,1.47,1.63,1.67,1.7,1.16,1.21,2.11,1.45,2.25,1.87,1.31,1.11,1.31,1.89,1.72,1.49,1.42,1.45,1.6,1.36
2016-06-05,1.47,1.04,1.75,1.65,1.49,1.54,1.55,1.6,1.24,1.2,1.43,1.05,1.32,0.73,1.28,1.13,1.59,2.27,1.05,1.25,1.64,1.41,1.18,1.19,1.29,1.37,1.08,1.68,2.15,1.79,1.04,1.51,1.91,1.52,1.49,1.68,1.66,1.58,0.95,0.89,2.08,1.52,2.3,1.76,1.31,1.1,1.31,1.91,1.96,1.42,1.36,1.43,1.58,1.29
2016-05-29,1.49,1.35,1.7,1.38,1.59,1.64,1.49,1.66,1.08,1.24,1.39,1.0,0.96,1.41,1.69,1.24,1.75,2.36,0.96,1.33,1.63,1.35,1.11,1.5,1.27,1.46,1.16,1.8,2.15,1.87,1.19,1.47,2.07,1.47,1.49,1.76,1.44,1.8,1.05,0.96,1.99,1.44,2.34,1.62,1.41,1.07,1.41,1.64,2.2,1.55,1.33,1.41,1.37,1.35
2016-05-22,1.55,1.27,1.87,1.43,1.57,1.55,1.37,1.71,1.33,1.39,1.31,1.0,0.92,0.88,1.75,1.26,1.81,2.36,0.97,1.36,1.66,1.38,0.98,1.28,1.4,1.37,1.16,1.58,2.01,1.81,1.26,1.59,1.97,1.52,1.42,1.63,1.22,1.33,1.03,0.79,2.01,1.15,2.34,1.55,1.45,1.05,1.44,1.49,2.03,1.45,1.46,1.36,1.27,1.36
2016-05-15,1.59,1.29,1.7,1.55,1.58,1.46,1.5,1.69,1.61,1.4,1.22,1.06,0.99,1.33,1.6,1.42,1.79,2.34,1.0,1.26,1.76,1.2,1.14,1.48,1.42,1.48,1.26,1.44,2.02,1.79,1.22,1.64,1.98,1.37,1.41,1.65,1.61,1.66,1.37,1.35,1.72,1.53,2.27,1.71,1.48,1.11,1.44,1.61,1.69,1.45,1.5,1.45,1.39,1.25
2016-05-08,1.83,1.42,1.52,1.11,1.58,1.56,1.25,1.79,1.62,1.43,1.14,1.04,0.7,1.28,1.56,1.39,1.6,2.16,1.04,1.3,1.7,1.31,1.13,1.47,1.48,1.39,0.94,1.47,2.0,1.78,1.63,1.68,1.86,1.41,1.31,1.58,1.19,1.65,1.36,1.36,1.4,1.37,1.32,1.2,1.55,1.07,1.53,1.41,1.47,1.56,1.51,1.3,1.08,1.1
2016-05-01,1.78,1.25,1.77,0.92,1.79,1.58,1.24,1.68,1.61,1.13,1.29,1.09,0.86,1.55,1.36,1.4,1.79,2.4,1.1,1.38,1.65,1.51,1.11,1.35,1.43,1.55,1.45,1.44,2.16,1.94,1.62,1.6,1.87,1.3,1.42,1.59,1.03,1.59,1.37,1.35,1.41,1.37,1.33,1.25,1.44,1.13,1.44,1.27,1.3,1.54,1.49,1.28,1.01,1.09
2016-04-24,1.77,1.38,1.65,1.46,1.73,1.55,1.39,1.67,1.63,1.44,0.99,1.0,0.74,1.12,1.47,1.28,1.92,2.24,1.07,1.27,1.64,1.36,1.04,1.22,1.39,1.5,1.18,1.44,2.11,1.9,1.69,1.61,1.9,1.39,1.48,1.29,1.39,1.61,1.41,1.4,2.01,1.22,2.21,1.31,1.49,1.11,1.47,1.46,0.69,1.63,1.47,1.25,1.01,1.36
2016-04-17,1.82,1.36,1.49,1.56,1.59,1.76,1.39,1.77,1.55,1.4,1.17,1.11,1.0,1.19,1.57,1.33,1.79,2.2,1.11,1.36,1.73,1.34,1.01,1.4,1.57,1.22,0.86,1.45,1.98,1.84,1.6,1.64,1.89,1.53,1.48,1.57,1.64,1.49,1.19,1.06,1.95,1.29,2.33,1.51,1.47,1.15,1.48,1.14,1.21,1.71,1.47,1.38,1.31,1.36
2016-04-10,1.62,1.5,1.73,1.0,1.68,1.63,1.4,1.6,1.68,1.12,1.52,1.16,0.94,1.42,1.34,1.36,1.83,2.31,1.2,1.15,1.62,1.22,1.05,1.41,1.33,1.18,0.85,1.27,2.2,1.88,1.5,1.51,1.95,1.38,1.35,1.36,0.96,1.33,0.93,0.81,2.05,1.23,2.33,0.89,1.34,1.21,1.44,0.85,0.58,1.59,1.31,1.26,0.99,1.31
2016-04-03,1.56,1.51,1.71,1.08,1.73,1.48,1.39,1.71,1.66,1.3,1.69,1.18,1.15,1.27,1.56,1.45,1.83,2.33,1.18,1.54,1.66,1.25,1.08,1.43,1.32,1.58,1.59,1.31,2.08,1.88,1.61,1.56,1.81,1.25,1.43,1.45,1.3,1.73,1.35,1.31,2.03,1.25,2.3,1.27,1.37,1.22,1.49,1.33,0.75,1.46,1.37,1.44,1.27,1.29
2016-03-27,1.65,1.48,1.65,1.41,1.59,1.57,1.42,1.69,1.5,1.17,1.54,1.25,1.24,1.31,1.53,1.33,1.83,2.18,1.24,1.4,1.73,1.41,1.07,1.32,1.33,1.4,1.46,1.26,2.12,1.85,1.61,1.6,1.95,1.54,1.18,1.45,1.33,1.43,1.14,0.99,2.07,1.35,2.23,1.55,1.41,1.25,1.48,1.45,0.88,1.57,1.33,1.44,1.39,1.41
2016-03-20,1.76,1.44,1.61,0.82,1.59,1.48,1.46,1.57,1.5,1.21,1.23,1.16,0.98,0.95,1.33,1.24,1.51,2.3,1.29,1.26,1.58,1.35,1.1,1.51,1.33,1.37,1.53,1.26,1.92,1.75,1.67,1.57,1.75,1.57,1.2,1.44,0.87,1.42,1.0,0.94,1.96,1.4,2.33,0.98,1.36,1.23,1.46,1.08,0.9,1.54,1.34,1.27,0.99,1.47
2016-03-13,1.79,1.52,1.54,0.95,1.59,1.63,1.41,1.7,1.5,1.25,1.37,1.2,0.74,1.26,1.33,1.33,1.57,2.18,1.25,1.39,1.7,1.33,1.09,1.08,1.3,1.4,1.32,1.27,1.96,1.75,1.63,1.52,1.59,1.47,1.15,1.54,1.13,1.54,1.23,1.22,2.04,1.38,2.27,1.18,1.45,1.24,1.45,1.28,1.1,1.66,1.28,1.29,1.0,1.3
2016-03-06,1.92,1.66,1.41,1.15,1.7,2.13,1.32,1.79,1.49,1.34,1.42,1.15,0.66,1.45,1.1,1.42,1.58,2.18,1.17,1.48,1.83,1.3,0.96,0.96,1.49,1.44,1.32,1.37,1.86,1.79,1.68,1.74,1.53,1.48,1.37,1.76,1.29,1.79,1.54,1.55,1.88,1.21,2.31,1.22,1.56,1.21,1.61,1.31,1.82,2.09,1.5,1.28,0.96,1.32
2016-02-28,1.79,1.78,1.62,1.84,1.64,1.56,1.28,1.83,1.6,1.47,1.43,1.19,1.06,1.45,1.43,1.48,1.83,2.28,1.28,1.6,1.8,1.29,0.96,1.69,1.51,1.58,1.53,1.44,1.96,1.8,1.64,1.78,1.62,1.52,1.54,1.39,1.89,1.71,1.41,1.29,2.01,1.12,2.29,1.46,1.67,1.24,1.66,1.69,0.9,1.62,1.55,1.44,1.42,1.36
2016-02-21,1.79,1.74,1.54,1.67,1.52,1.66,1.43,1.81,1.55,1.33,1.39,1.18,1.07,1.31,1.58,1.38,1.87,2.24,1.28,1.53,1.76,1.44,1.07,1.64,1.4,1.57,1.49,1.54,1.9,1.77,1.64,1.67,1.79,1.63,1.33,1.34,1.76,1.76,1.48,1.38,2.04,1.25,2.38,1.41,1.58,1.28,1.61,1.42,0.82,1.71,1.46,1.45,1.37,1.48
2016-02-14,1.81,1.59,1.82,0.87,1.59,1.99,1.47,1.75,1.58,1.01,1.25,1.27,1.18,1.31,1.36,1.34,2.22,2.31,1.24,1.24,1.73,1.28,1.09,1.72,1.45,1.52,1.42,1.46,2.11,1.95,1.66,1.69,2.07,1.34,1.38,1.68,0.9,1.59,1.29,1.21,1.98,1.42,2.37,0.98,1.55,1.31,1.57,0.98,1.71,1.96,1.48,1.37,1.07,1.39
2016-02-07,1.81,1.72,1.66,0.84,1.62,2.11,1.38,1.82,1.6,1.11,1.31,1.27,1.08,1.33,1.46,1.41,1.91,2.32,1.37,1.37,1.7,1.41,1.07,1.59,1.44,1.52,1.4,1.41,1.95,1.9,1.67,1.7,1.86,1.6,1.45,1.57,1.12,1.54,1.34,1.29,1.72,1.32,1.93,1.26,1.61,1.35,1.61,1.22,1.63,2.06,1.49,1.44,1.22,1.49
2016-01-31,1.79,1.71,1.47,1.24,1.52,1.81,1.43,1.75,1.61,1.3,1.28,1.36,0.95,1.46,1.54,1.45,1.49,2.27,1.44,1.38,1.74,1.68,1.02,1.55,1.54,1.47,1.39,1.43,1.83,1.73,1.65,1.76,1.53,1.53,1.3,1.55,1.35,1.56,1.35,1.33,1.73,1.4,2.3,1.36,1.54,1.41,1.63,1.42,0.91,1.98,1.6,1.43,1.23,1.64
2016-01-24,1.83,1.65,1.58,1.77,1.46,1.49,1.36,1.76,1.62,1.42,0.96,1.35,0.86,1.24,1.49,1.31,1.79,2.28,1.38,1.13,1.66,1.47,1.06,1.49,1.42,1.54,1.37,1.34,2.09,1.82,1.67,1.59,1.81,1.61,1.16,1.33,1.6,1.59,1.45,1.55,1.73,1.31,1.89,1.47,1.5,1.35,1.55,1.52,0.68,1.64,1.44,1.41,1.27,1.47
2016-01-17,1.67,1.84,1.59,1.37,1.13,1.51,1.45,1.92,1.52,1.4,1.44,1.25,1.15,1.73,1.53,1.46,2.0,2.21,1.31,1.51,1.8,1.47,1.18,1.85,1.49,1.59,1.51,1.48,1.93,1.67,1.55,1.77,1.68,1.46,1.45,1.47,1.22,1.66,1.4,1.37,1.72,1.46,1.95,1.26,1.66,1.33,1.69,1.19,0.98,1.53,1.59,1.44,1.27,1.45
2016-01-10,1.83,1.66,1.37,1.04,1.32,1.5,1.33,1.77,1.62,1.31,1.37,1.34,0.77,1.48,1.4,1.48,1.32,2.08,1.33,1.51,1.76,1.41,1.08,1.68,1.52,1.46,1.53,1.52,1.54,1.52,1.66,1.75,1.37,1.35,1.4,1.63,1.25,1.59,1.35,1.28,1.68,1.32,1.93,1.29,1.6,1.38,1.64,1.2,1.42,1.54,1.6,1.35,1.09,1.37
2016-01-03,1.75,1.48,1.56,1.28,1.26,1.44,1.43,1.78,1.62,1.34,1.51,1.26,1.05,1.57,1.45,1.44,1.58,1.51,1.36,1.53,1.51,1.69,1.15,1.74,1.24,1.54,1.42,1.52,1.61,1.54,1.63,1.33,1.53,1.61,1.44,1.5,1.44,1.68,1.45,1.24,1.68,1.41,1.93,1.58,1.58,1.38,1.32,1.69,0.86,1.46,1.08,1.43,1.41,1.58
2017-12-31,1.46,1.28,1.53,1.72,1.86,1.15,1.71,1.71,1.79,1.36,1.14,1.48,1.48,1.05,1.28,1.29,1.45,1.9,1.36,1.45,1.65,1.55,1.74,1.16,1.48,1.6,1.52,1.44,1.83,1.66,1.76,1.82,1.6,1.71,1.4,1.63,1.51,2.06,1.39,1.5,1.61,2.0,1.52,1.24,1.36,1.41,1.4,1.82,1.54,1.2,1.59,1.52,1.48,1.62
2017-12-24,1.58,1.59,1.56,1.44,1.83,1.15,1.82,1.83,1.81,1.73,1.54,1.44,1.61,1.37,1.3,1.5,1.46,1.99,1.55,1.4,1.87,1.89,1.8,1.58,1.59,1.67,1.56,1.45,1.85,1.67,1.76,1.79,1.6,1.61,1.37,1.73,1.44,2.12,1.41,1.54,1.68,1.82,2.01,1.75,1.48,1.47,1.57,1.77,1.67,1.21,1.64,1.64,1.66,1.85
2017-12-17,1.43,1.59,1.58,1.79,1.82,1.15,1.75,1.86,1.39,1.73,1.56,1.41,1.46,1.41,1.28,1.42,1.46,1.93,1.53,1.38,1.61,1.94,1.7,1.57,1.59,1.66,1.62,1.37,1.84,1.66,1.72,1.6,1.59,1.45,1.37,1.67,1.54,2.03,1.43,1.58,1.72,1.54,2.1,1.25,1.44,1.45,1.5,2.14,1.63,1.18,1.58,1.57,1.49,1.78
2017-12-10,1.45,1.63,1.51,1.76,1.74,1.14,1.89,1.91,1.65,1.69,1.52,1.53,1.67,1.39,1.29,1.49,1.41,1.81,1.51,1.42,1.59,1.68,1.78,1.54,1.48,1.61,1.59,1.4,1.79,1.6,1.67,1.6,1.5,1.8,1.39,1.7,1.42,2.12,1.4,1.47,1.75,2.05,2.27,1.07,1.42,1.5,1.48,2.06,1.72,1.13,1.56,1.54,1.36,1.65
2017-12-03,1.44,1.62,1.58,1.77,1.88,1.18,1.81,1.9,1.75,1.72,1.54,1.66,1.79,1.39,1.31,1.52,1.46,1.83,1.56,1.42,1.8,1.56,1.77,1.59,1.58,1.66,1.59,1.46,1.81,1.67,1.71,1.67,1.63,1.83,1.36,1.76,1.52,2.11,1.5,1.42,1.69,1.79,2.07,1.19,1.49,1.59,1.54,1.92,1.81,1.23,1.61,1.62,1.5,1.55
2017-11-26,1.57,1.66,1.69,1.47,1.81,1.26,2.0,2.11,1.73,1.69,1.54,1.65,2.01,1.43,1.3,1.52,1.51,1.9,1.56,1.44,1.87,1.95,2.01,1.63,1.67,1.75,1.57,1.44,2.02,1.77,1.75,1.65,1.72,1.87,1.37,1.78,1.47,2.18,1.58,1.56,1.72,2.17,2.06,1.76,1.54,1.57,1.56,2.04,2.0,1.28,1.58,1.72,1.76,1.91
2017-11-19,1.75,1.62,1.8,1.85,1.81,1.42,1.98,2.13,1.79,1.66,1.47,1.63,2.01,1.37,1.27,1.53,1.62,2.09,1.56,1.42,1.94,1.95,1.99,1.62,1.63,1.82,1.61,1.49,2.07,1.84,1.78,1.8,1.75,1.9,1.44,1.8,1.86,2.32,1.62,1.54,1.69,2.17,2.06,2.03,1.56,1.54,1.59,2.2,1.64,1.45,1.74,1.77,1.96,1.88
2017-11-12,1.71,1.8,1.81,1.88,1.87,1.39,1.99,2.15,2.06,1.67,1.53,1.7,1.99,1.42,1.43,1.64,1.56,2.09,1.68,1.49,1.89,1.79,1.98,1.69,1.94,1.82,1.74,1.64,2.05,1.81,1.8,1.88,1.7,1.9,1.45,1.89,1.86,2.32,1.57,1.46,1.81,2.13,2.07,2.06,1.64,1.67,1.73,2.17,1.96,1.42,1.82,1.81,1.95,1.8
2017-11-05,1.5,1.86,1.84,2.33,1.95,1.36,1.76,2.22,1.95,1.92,1.67,1.64,2.05,1.58,1.52,1.69,1.61,2.17,1.82,1.48,2.04,1.83,1.72,1.7,1.96,1.85,1.71,1.7,2.05,1.82,1.84,2.01,1.7,1.93,1.43,1.89,2.45,2.29,1.64,1.5,1.74,1.6,2.05,2.34,1.68,1.69,1.8,2.54,1.77,1.38,1.95,1.82,2.13,1.74
2017-10-29,1.38,2.04,1.81,2.34,1.83,1.35,2.01,2.02,2.06,1.87,1.73,1.67,2.01,1.65,1.32,1.7,1.63,1.98,1.82,1.54,2.16,1.93,1.99,1.84,1.84,1.8,1.76,1.7,2.11,1.76,1.57,2.01,1.73,1.89,1.43,1.88,2.49,1.92,1.67,1.53,1.86,2.13,2.09,2.43,1.69,1.73,1.84,2.48,1.8,1.35,1.94,1.84,2.16,1.89
2017-10-22,1.49,2.06,1.64,2.41,1.58,1.35,2.0,2.08,2.1,1.86,1.68,1.69,1.64,1.61,1.32,1.68,1.48,1.53,1.82,1.48,2.02,1.83,1.99,1.82,2.19,1.8,1.78,1.6,2.08,1.68,1.7,2.29,1.65,1.79,1.43,1.96,2.48,2.2,1.62,1.53,1.81,2.15,2.08,2.3,1.7,1.73,1.91,2.11,2.02,1.35,2.18,1.82,2.0,1.81
2017-10-15,1.47,2.23,1.6,2.62,1.6,1.33,2.1,2.38,1.9,1.81,1.78,1.71,1.55,1.69,1.41,1.68,1.51,1.81,1.82,1.57,2.55,1.99,2.12,1.88,2.62,1.84,1.96,1.55,2.09,1.7,1.64,2.87,1.69,1.77,1.39,2.07,2.71,2.53,1.6,1.64,1.92,2.25,2.09,2.69,1.78,1.74,1.99,2.55,2.14,1.34,2.7,1.85,2.08,2.07
2017-10-08,1.4,2.55,1.5,2.78,1.56,1.34,2.17,2.67,1.8,1.94,1.89,1.73,1.97,1.82,1.51,1.7,1.44,1.93,1.84,1.69,2.31,2.25,2.28,2.15,1.97,1.87,2.17,1.69,2.06,1.64,1.52,2.27,1.58,1.78,1.35,2.02,2.85,2.85,1.56,1.72,1.84,2.33,2.07,2.8,2.04,1.75,2.13,2.74,2.27,1.32,1.89,1.9,2.37,2.39
2017-10-01,1.59,2.75,1.62,2.79,1.61,1.39,2.08,2.82,1.84,2.01,1.91,1.7,1.93,1.75,1.44,1.72,1.5,2.06,1.89,1.68,2.99,2.24,2.1,2.29,2.09,1.99,2.22,1.97,2.04,1.7,1.56,2.35,1.61,1.8,1.4,2.09,2.86,3.0,1.6,1.83,1.86,2.27,2.04,2.86,2.15,1.75,2.29,2.88,2.36,1.41,2.14,1.95,2.45,2.37
2017-09-24,1.42,2.56,1.53,2.64,1.56,1.4,2.05,2.55,1.92,2.2,2.22,1.68,1.69,2.08,1.46,1.89,1.47,1.82,1.91,1.75,2.57,2.25,2.03,2.21,1.9,1.91,2.24,1.89,2.06,1.68,1.57,2.31,1.57,1.81,1.42,2.13,2.81,2.38,1.76,2.08,1.89,2.23,2.06,2.83,2.1,1.77,2.25,2.95,2.49,1.4,1.85,1.94,2.4,2.26
2017-09-17,1.55,2.54,1.54,2.65,1.56,1.47,2.18,2.77,2.13,2.14,2.03,1.79,2.02,1.85,1.4,1.84,1.51,1.96,1.92,1.73,2.58,2.39,2.32,2.12,1.76,1.93,2.19,1.89,2.08,1.74,1.54,2.65,1.62,1.82,1.43,2.12,2.83,2.92,1.59,1.9,1.92,2.39,2.04,2.86,2.21,1.8,2.33,2.94,2.71,1.43,1.78,2.0,2.4,2.36
2017-09-10,1.78,2.59,1.59,2.63,1.74,1.8,2.2,2.8,1.96,2.15,2.13,1.81,2.06,1.88,1.4,1.82,1.51,2.08,1.8,1.69,2.35,2.59,2.32,2.0,1.74,2.03,2.15,1.63,2.07,1.85,1.68,2.12,1.67,1.85,1.48,2.09,2.84,2.89,2.0,2.19,1.96,2.37,2.05,2.87,2.02,1.75,2.17,2.86,2.69,1.8,1.76,2.03,2.46,2.38
2017-09-03,2.0,2.59,1.68,2.71,1.76,1.41,2.09,2.82,2.05,2.17,2.1,1.81,2.02,1.87,1.26,1.82,1.72,2.21,1.85,1.73,2.42,2.64,2.11,1.98,1.67,2.13,2.04,1.5,2.14,1.92,1.69,2.45,1.85,1.86,1.5,2.12,2.84,2.97,2.05,2.27,2.15,2.01,2.08,2.89,2.11,1.78,2.26,2.93,2.81,1.51,1.74,2.06,2.52,2.39
2017-08-27,1.91,2.59,1.82,2.75,1.75,1.37,2.54,2.83,2.11,1.95,1.87,1.9,2.16,1.64,1.21,1.73,1.73,2.4,1.89,1.62,2.45,2.47,2.37,1.9,1.55,2.17,1.89,1.5,2.13,1.89,1.69,2.3,1.92,2.0,1.49,2.01,2.85,3.04,1.96,2.17,2.49,2.57,3.0,2.96,2.03,1.81,2.16,2.84,2.84,1.4,1.6,2.09,2.51,2.5
2017-08-20,1.86,2.18,1.75,2.62,1.72,1.46,2.37,2.48,1.71,1.92,1.8,1.8,2.11,1.59,1.13,1.6,1.68,2.19,1.57,1.64,2.48,2.43,2.16,1.86,1.48,2.02,1.84,1.35,1.85,1.79,1.68,2.21,1.74,2.19,1.47,1.92,2.57,2.65,1.93,2.08,2.33,2.42,2.93,2.87,1.88,1.64,1.96,2.76,2.64,1.51,1.55,1.96,2.46,2.43
2017-08-13,1.9,2.14,1.66,2.32,1.77,1.27,2.21,2.35,1.69,1.97,1.73,1.68,2.08,1.54,1.18,1.54,1.69,2.26,1.39,1.41,2.0,2.05,2.04,1.67,1.47,1.85,1.61,1.2,2.07,1.85,1.69,2.12,1.79,2.01,1.44,1.8,2.33,2.29,1.79,2.0,2.09,2.32,2.57,2.65,1.78,1.52,1.85,2.55,2.28,1.39,1.57,1.88,2.24,2.01
2017-08-06,1.98,1.97,1.65,2.21,1.61,1.34,2.18,2.36,1.74,2.06,1.72,1.63,1.95,1.68,1.29,1.65,1.63,2.11,1.4,1.45,2.09,1.74,2.1,1.73,1.5,1.88,1.54,1.18,1.91,1.74,1.68,1.82,1.78,1.84,1.43,1.8,2.14,2.51,1.66,1.81,1.99,2.37,2.33,2.58,1.74,1.48,1.78,2.45,2.15,1.37,1.6,1.83,2.1,1.78
2017-07-30,1.67,1.78,1.6,2.21,1.61,1.44,2.14,2.07,1.9,1.85,1.61,1.62,1.83,1.61,1.33,1.65,1.59,2.1,1.41,1.49,1.78,1.72,2.1,1.56,1.38,1.68,1.5,1.25,1.88,1.74,1.68,1.69,1.74,1.9,1.43,1.73,2.29,2.11,1.56,1.59,1.86,2.37,2.14,2.6,1.57,1.52,1.63,2.38,2.11,1.44,1.57,1.78,2.1,1.67
2017-07-23,1.42,1.85,1.51,2.23,1.59,1.28,2.17,2.0,1.88,1.82,1.73,1.57,1.83,1.74,1.27,1.68,1.43,1.95,1.41,1.6,2.04,1.89,2.07,1.6,1.41,1.57,1.43,1.28,1.85,1.63,1.59,1.79,1.59,2.04,1.28,1.72,2.35,1.95,1.45,1.49,1.97,2.31,2.44,2.61,1.81,1.52,1.72,2.66,2.22,1.25,1.55,1.76,2.16,1.6
2017-07-16,1.87,1.89,1.57,2.26,1.61,1.26,2.14,1.99,1.83,1.82,1.69,1.49,1.83,1.6,1.32,1.64,1.56,1.94,1.41,1.48,2.11,1.89,2.02,1.55,1.44,1.69,1.54,1.23,1.79,1.66,1.66,1.86,1.63,2.06,1.42,1.82,2.33,1.99,1.71,1.64,2.19,2.3,2.4,2.61,1.83,1.46,1.78,2.55,2.22,1.35,1.56,1.78,2.22,1.6
2017-07-09,2.0,1.61,2.26,1.58,2.17,2.55,1.62,2.06,1.99,1.29,1.38,1.06,1.94,1.47,2.19,1.62,2.23,2.67,1.08,1.38,2.06,1.82,1.42,1.61,1.76,1.88,1.49,1.76,2.48,2.31,1.85,1.9,2.36,1.84,1.58,1.62,1.66,1.97,1.81,1.62,2.36,1.91,2.45,2.12,1.76,1.13,1.72,2.2,1.79,2.4,1.68,1.71,1.85,1.65
2017-07-02,2.03,1.53,2.2,1.92,2.13,2.57,1.73,2.09,1.98,1.28,1.46,1.02,1.44,1.44,1.97,1.58,2.15,2.67,1.21,1.51,2.25,1.73,1.46,1.26,1.92,1.78,1.2,1.89,2.44,2.29,1.91,2.17,2.33,2.02,1.58,1.55,1.93,2.05,1.84,1.78,2.32,2.0,2.59,2.35,1.82,1.17,1.8,2.56,1.55,2.44,2.08,1.74,1.88,1.59
2017-06-25,2.13,1.31,2.21,2.09,2.13,2.57,1.66,1.99,1.98,1.46,1.28,1.33,1.17,1.39,2.73,1.59,2.15,2.61,1.3,1.34,2.25,1.67,1.37,1.45,2.02,1.75,1.27,1.91,2.36,2.26,1.93,2.18,2.22,1.94,1.54,1.56,2.34,1.95,1.64,1.42,2.37,1.73,2.66,2.65,1.67,1.36,1.67,2.5,1.54,2.43,2.09,1.77,1.93,
2017-06-18,2.03,1.49,2.2,1.55,2.12,2.54,1.78,2.03,1.98,1.55,1.14,1.44,1.25,1.51,2.62,1.56,2.09,2.14,1.03,1.27,2.23,1.76,1.37,1.19,1.88,1.73,1.16,2.32,1.91,1.98,1.92,2.15,1.89,1.97,1.56,1.56,1.77,1.91,1.78,1.61,2.48,1.8,2.76,1.83,1.72,1.27,1.77,1.71,1.63,2.42,2.07,1.71,1.68,
2017-06-11,2.04,1.06,2.17,1.27,2.07,2.46,1.79,2.15,1.96,0.77,0.83,1.35,1.97,0.92,2.39,1.13,2.27,2.62,1.02,0.84,2.12,1.74,1.35,1.0,1.89,1.61,1.15,2.19,2.39,2.26,1.83,1.97,2.24,1.94,1.57,1.63,1.28,2.03,1.56,1.35,2.5,2.06,2.77,1.6,1.61,1.17,1.43,1.45,2.05,2.37,1.86,1.56,1.59,1.66
2017-06-04,1.63,1.44,2.15,1.27,2.04,2.51,1.64,2.47,1.94,1.65,1.44,1.08,1.97,1.75,2.33,1.69,2.04,2.5,1.11,1.25,2.2,1.72,1.28,1.34,1.97,1.85,1.14,2.12,2.06,2.0,1.48,2.1,2.01,1.88,1.55,1.62,1.23,2.38,1.72,1.51,2.43,1.71,2.72,1.45,1.89,1.13,1.82,1.56,1.95,2.23,1.99,1.64,1.52,1.59
2017-05-28,1.87,1.59,2.18,1.22,2.04,2.19,1.76,2.5,1.93,1.78,1.51,1.13,1.69,1.64,2.44,1.72,2.19,2.67,1.19,1.52,2.09,1.74,1.37,1.32,1.88,1.91,1.16,1.88,2.38,2.18,1.67,1.8,2.22,1.94,1.54,1.63,1.14,2.55,1.6,1.37,2.46,1.91,2.73,1.46,1.97,1.19,1.81,1.48,1.9,2.09,1.79,1.69,1.48,1.65
2017-05-21,1.84,1.38,2.2,1.27,1.92,2.16,1.78,2.48,1.94,1.66,1.44,1.46,1.38,1.5,2.34,1.59,2.18,2.62,1.39,0.92,2.07,1.95,1.42,1.29,1.58,1.9,1.2,2.1,2.39,2.15,1.59,1.8,2.25,2.06,1.52,1.57,1.18,2.63,1.52,1.59,2.4,2.05,2.65,1.53,1.86,1.45,1.67,1.53,1.94,2.07,1.76,1.71,1.52,1.73
2017-05-14,1.57,1.46,2.11,1.27,1.99,2.16,1.76,2.21,1.93,1.41,1.64,1.45,0.74,1.76,2.11,1.68,2.13,2.58,1.39,1.65,2.22,1.89,1.4,1.15,1.42,1.76,0.87,1.96,2.41,2.09,1.4,2.06,2.29,1.78,1.49,1.62,1.3,2.44,1.72,1.81,2.43,2.22,2.64,1.62,1.91,1.46,1.78,1.56,1.59,2.0,1.96,1.55,1.1,1.77
2017-05-07,1.79,1.37,2.13,1.17,1.98,2.19,1.59,2.31,1.95,1.48,1.61,1.35,0.9,1.81,2.32,1.74,2.08,2.51,1.25,1.7,1.75,2.03,1.31,1.48,2.08,1.96,1.22,1.57,2.34,2.16,1.57,1.57,2.25,1.82,1.51,1.58,1.11,2.61,1.68,1.72,2.52,1.72,2.54,1.51,1.8,1.34,1.58,1.58,1.7,2.11,1.64,1.57,1.19,1.74
2017-04-30,1.74,1.59,2.15,1.22,2.02,2.16,1.61,2.53,1.97,1.66,1.7,1.28,1.24,1.83,2.21,1.84,2.01,2.25,1.18,1.77,2.07,1.98,1.25,1.4,2.4,1.96,1.14,1.95,1.9,1.91,1.62,2.38,1.93,1.87,1.49,1.8,1.11,2.76,1.77,1.87,2.39,1.83,2.58,1.39,1.87,1.31,1.9,1.72,2.25,1.88,2.18,1.68,1.4,1.76
2017-04-23,1.92,1.63,2.14,1.23,1.88,2.14,1.6,2.58,1.67,1.92,1.63,1.34,0.9,1.79,2.13,1.71,2.01,2.49,0.91,1.62,1.72,1.67,1.25,1.59,2.36,2.03,1.43,1.74,2.23,2.09,1.68,1.94,2.17,1.67,1.51,1.67,1.16,2.73,1.65,1.58,2.29,1.97,2.56,1.39,1.97,1.19,1.87,1.77,1.93,2.08,1.94,1.61,1.26,1.63
2017-04-16,1.85,1.27,1.96,1.23,2.0,2.14,1.67,2.05,1.74,0.98,1.03,1.12,0.96,0.93,2.19,1.36,1.99,2.0,0.88,1.35,2.07,1.32,1.31,1.34,2.81,1.68,1.14,1.63,1.9,1.91,1.82,2.83,1.9,1.51,1.51,1.59,1.15,2.24,1.46,1.24,2.35,2.08,2.59,1.45,1.69,1.04,1.78,1.57,2.03,2.05,3.17,1.49,1.23,1.23
2017-04-09,1.92,0.91,1.89,1.18,2.0,2.17,1.63,2.02,1.95,0.86,0.97,1.24,0.89,0.9,2.0,1.36,2.06,2.6,0.93,1.06,2.07,1.24,1.3,1.91,2.32,1.5,1.53,1.63,2.22,2.12,1.75,2.31,2.23,1.39,1.51,1.56,1.19,2.07,1.04,0.89,2.37,1.94,2.54,1.44,1.4,1.06,1.34,1.76,1.42,2.09,2.27,1.43,1.18,1.19
2017-04-02,1.86,1.26,1.97,0.82,2.0,2.09,1.64,1.95,1.94,0.83,1.39,1.41,0.84,1.46,2.07,1.51,1.95,2.42,0.92,1.37,1.43,1.19,1.3,1.38,2.03,1.67,1.17,1.55,1.86,1.89,1.82,1.8,1.88,1.38,1.51,1.55,0.78,2.21,1.41,1.19,2.31,1.88,2.59,1.02,1.5,1.14,1.51,1.32,1.23,1.96,1.93,1.42,0.98,1.04
2017-03-26,2.02,1.27,1.97,0.81,2.02,2.16,1.7,2.01,1.67,1.04,0.72,1.14,0.85,0.65,2.05,1.08,1.91,2.48,0.9,1.02,1.47,1.21,1.33,0.74,1.74,1.41,0.77,1.6,2.18,2.1,1.85,1.54,2.18,1.37,1.5,1.51,0.68,1.94,1.06,0.84,2.44,2.06,2.83,0.7,1.7,1.03,1.48,1.02,1.24,2.12,1.52,1.29,0.9,1.11
2017-03-19,1.87,1.23,2.06,1.25,2.06,2.05,1.57,1.96,1.68,1.68,1.5,1.1,0.89,1.32,2.05,1.55,1.93,2.04,0.87,1.49,1.58,1.27,1.25,0.95,2.59,1.59,0.92,1.44,1.86,1.88,1.86,2.06,1.82,1.35,1.47,1.54,1.28,1.83,1.55,1.2,2.46,1.59,2.88,1.52,1.34,1.03,1.58,1.91,1.19,2.04,1.97,1.5,1.24,1.11
2017-03-12,1.97,0.9,2.12,1.16,2.09,2.05,1.53,1.86,1.93,0.64,0.83,1.11,0.98,0.7,1.94,1.08,2.21,2.57,0.92,0.93,1.7,1.16,1.19,0.65,3.05,1.35,0.61,1.45,2.26,2.18,1.87,2.2,2.33,1.38,1.45,1.5,1.19,1.9,1.46,1.13,2.36,1.72,2.9,1.18,1.38,1.04,1.41,1.19,1.16,2.05,2.56,1.38,1.16,1.15
2017-03-05,1.84,0.62,1.97,0.72,1.72,1.89,1.45,1.78,1.64,0.44,0.52,1.04,0.94,0.48,1.33,0.83,1.97,2.17,0.92,1.35,1.67,1.01,1.07,0.56,2.47,1.02,0.51,1.45,1.81,1.8,1.66,2.28,1.76,1.42,1.43,1.39,0.76,1.54,1.06,0.7,2.5,1.42,2.92,0.99,0.99,0.99,1.11,1.38,1.23,1.84,2.61,1.16,0.99,1.23
2017-02-26,1.71,0.64,1.93,1.15,2.01,1.93,1.34,1.7,1.69,0.49,0.66,1.05,0.78,0.57,1.57,0.94,1.84,2.18,0.91,0.9,1.68,1.09,1.05,0.77,2.43,1.12,0.68,1.33,1.77,1.82,1.85,2.08,1.68,1.22,1.41,1.39,1.23,1.56,1.01,0.77,2.06,1.42,2.52,1.58,1.13,0.99,1.12,1.64,1.18,1.79,2.14,1.21,1.14,1.16
2017-02-19,1.67,1.06,1.81,1.65,2.06,1.98,1.5,1.67,1.6,0.51,0.74,1.17,1.16,0.57,1.64,0.9,1.62,1.56,0.89,1.24,1.74,1.15,1.19,0.56,1.65,1.14,0.67,1.33,1.36,1.43,1.88,1.81,1.38,1.28,1.45,1.5,1.45,1.55,1.24,0.94,2.32,1.4,2.58,2.26,1.4,1.0,1.39,2.34,1.1,1.84,1.81,1.31,1.49,1.24
2017-02-12,1.78,1.07,1.85,1.58,1.95,1.81,1.54,1.63,1.53,0.64,1.0,1.35,1.44,0.82,1.27,1.08,1.81,2.35,0.92,1.15,1.48,1.18,1.17,0.8,1.29,1.21,0.66,1.33,1.98,1.91,1.8,1.49,1.91,1.46,1.41,1.49,1.59,1.54,1.12,0.88,2.25,1.66,2.59,1.79,1.38,1.12,1.29,1.66,1.04,1.66,1.44,1.41,1.52,1.4
2017-02-05,1.72,1.28,1.85,0.95,1.63,1.81,1.36,1.62,1.49,0.57,0.98,1.3,1.38,0.85,1.7,1.14,1.83,1.79,0.93,1.35,1.72,1.23,1.19,1.36,1.41,1.49,1.16,1.35,2.03,1.81,1.6,1.95,1.86,1.23,1.4,1.6,0.93,1.77,1.42,1.14,1.6,1.55,1.61,0.98,1.45,1.12,1.54,1.09,1.32,1.8,1.93,1.36,1.15,1.31
2017-01-29,1.86,1.53,1.85,1.06,1.9,1.61,1.44,1.5,1.51,0.8,1.49,1.16,1.49,1.54,1.67,1.35,1.72,2.43,0.93,1.04,1.39,1.31,1.09,1.45,1.23,1.54,1.41,1.3,2.08,1.93,1.84,1.47,1.9,1.49,1.43,1.55,0.99,1.63,1.32,1.18,2.02,1.21,2.7,1.22,1.43,1.08,1.43,1.26,1.36,1.67,1.43,1.43,1.29,1.3
2017-01-22,1.82,1.62,1.85,1.06,1.93,1.5,1.53,1.48,1.51,1.58,0.94,1.03,0.98,0.77,1.52,1.19,1.76,2.44,0.94,0.84,1.23,1.34,1.27,1.31,1.19,1.49,0.86,1.31,2.05,1.93,1.89,1.26,2.0,1.59,1.4,1.57,0.96,1.59,1.27,1.16,1.89,1.73,2.03,1.32,1.44,1.02,1.36,1.28,1.4,1.57,1.2,1.37,1.2,1.21
2017-01-15,1.84,1.62,1.82,1.06,1.88,1.58,1.66,1.5,1.85,1.88,1.73,1.04,0.73,1.88,1.75,1.7,1.88,2.43,0.95,1.31,1.25,1.39,1.3,1.6,1.19,1.67,1.54,1.3,2.09,1.94,1.77,1.26,2.0,1.49,1.47,1.56,0.98,1.62,1.56,1.6,2.31,1.82,2.7,1.25,1.45,1.06,1.36,1.17,1.45,1.53,1.21,1.44,1.06,1.19
2017-01-08,1.94,1.74,1.85,1.04,1.95,1.73,1.5,1.49,1.81,1.07,1.56,1.02,0.8,1.74,1.52,1.55,1.95,2.43,1.07,1.6,1.26,1.22,1.19,1.55,1.23,1.61,1.53,1.26,2.15,1.99,1.86,1.26,2.04,1.4,1.45,1.67,1.01,1.52,1.48,1.61,2.15,1.52,2.58,1.23,1.48,1.1,1.41,1.16,1.67,1.7,1.21,1.43,1.09,1.18
2017-01-01,1.87,1.81,1.92,1.05,2.06,1.64,1.46,1.7,1.34,1.23,1.58,1.06,0.91,1.77,1.79,1.44,1.93,2.44,1.4,1.76,1.24,1.36,1.07,1.59,1.21,1.72,1.53,1.3,2.06,2.0,1.91,1.28,1.98,1.88,1.5,1.62,0.99,1.78,1.62,1.51,2.24,1.45,2.54,1.23,1.67,1.23,1.43,1.21,1.46,1.7,1.22,1.48,1.19,1.28
2018-03-25,1.71,1.56,1.33,1.81,1.74,1.03,1.7,1.77,1.69,1.66,1.31,1.46,1.6,1.43,1.34,1.47,1.36,2.09,1.31,1.28,1.75,1.65,1.74,1.46,1.34,1.55,1.48,1.36,1.86,1.58,1.63,1.45,1.49,1.52,1.38,1.54,1.66,2.02,1.42,1.6,1.63,1.75,1.64,1.48,1.38,1.42,1.45,1.59,1.82,1.04,1.41,1.55,1.6,1.62
2018-03-18,1.66,1.48,1.41,1.85,1.83,1.17,1.75,1.75,1.66,1.31,1.2,1.32,1.67,1.2,1.33,1.3,1.47,1.88,1.07,1.2,1.6,1.66,1.72,1.38,1.37,1.52,1.27,1.35,1.7,1.64,1.62,1.58,1.58,1.54,1.36,1.58,1.78,1.93,1.32,1.57,1.68,1.75,1.86,1.83,1.35,1.28,1.43,1.6,1.8,1.19,1.5,1.54,1.73,1.56
2018-03-11,1.68,1.43,1.44,1.8,1.85,1.24,1.58,1.73,1.66,1.27,1.26,1.3,1.59,1.23,1.32,1.31,1.47,2.15,1.26,1.22,1.53,1.62,1.39,1.35,1.35,1.53,1.32,1.36,1.92,1.76,1.64,1.38,1.72,1.62,1.41,1.55,1.72,2.02,1.35,1.54,1.9,1.59,2.16,1.54,1.36,1.32,1.37,1.72,1.71,1.25,1.31,1.52,1.63,1.56
2018-03-04,1.48,1.66,1.43,1.79,1.92,1.38,1.57,1.88,1.62,1.68,1.48,1.38,1.55,1.16,1.01,1.33,1.43,1.9,1.37,1.23,1.92,1.66,1.4,1.43,1.56,1.61,1.5,1.39,1.69,1.65,1.54,1.58,1.51,1.69,1.41,1.55,1.57,1.98,1.43,1.78,1.83,1.65,2.07,1.27,1.44,1.41,1.55,1.6,1.76,1.42,1.51,1.52,1.46,1.54
2018-02-25,1.56,1.55,1.47,1.82,1.79,1.27,1.82,1.91,1.68,1.78,1.57,1.34,1.39,1.45,1.34,1.49,1.42,2.05,1.41,1.45,1.73,1.66,1.74,1.59,1.6,1.61,1.48,1.35,1.72,1.63,1.5,1.41,1.56,1.6,1.38,1.57,1.59,1.97,1.42,1.56,1.78,1.83,2.11,1.36,1.41,1.41,1.46,1.64,1.69,1.3,1.37,1.57,1.49,1.57
2018-02-18,1.43,1.56,1.52,1.82,1.83,1.23,1.97,1.83,1.66,1.64,1.44,1.36,1.35,1.34,1.29,1.45,1.43,1.48,1.41,1.34,1.89,1.64,1.88,1.59,1.52,1.62,1.38,1.39,1.36,1.39,1.58,1.57,1.37,1.51,1.36,1.63,1.8,1.99,1.45,1.49,1.88,2.05,2.25,1.86,1.43,1.42,1.5,1.64,1.76,1.3,1.5,1.52,1.64,1.56
2018-02-11,1.43,1.55,1.53,1.8,1.85,1.21,1.85,1.92,1.65,1.59,1.42,1.34,1.55,1.36,1.25,1.44,1.53,2.1,1.4,1.34,1.83,1.7,1.74,1.56,1.4,1.6,1.36,1.36,1.92,1.69,1.39,1.48,1.68,1.43,1.34,1.55,1.56,2.04,1.36,1.44,1.87,1.88,2.22,1.22,1.47,1.4,1.46,1.66,1.75,1.23,1.34,1.56,1.47,1.57
2018-02-04,1.52,1.62,1.59,1.8,1.83,1.18,1.56,1.89,1.62,1.69,1.47,1.37,1.51,1.32,1.21,1.45,1.5,1.94,1.43,1.36,1.62,1.79,1.6,1.48,1.5,1.69,1.58,1.35,1.83,1.66,1.57,1.36,1.63,1.62,1.4,1.55,1.46,2.25,1.41,1.53,1.5,1.81,1.34,1.14,1.42,1.41,1.44,1.7,1.69,1.22,1.32,1.53,1.41,1.63
2018-01-28,1.32,1.67,1.55,1.78,1.72,1.17,1.87,1.76,1.72,1.51,1.43,1.45,1.51,1.29,1.26,1.42,1.49,1.9,1.45,1.4,2.01,1.78,1.73,1.48,1.43,1.62,1.63,1.43,1.75,1.56,1.29,1.67,1.61,1.69,1.38,1.64,1.8,1.9,1.44,1.63,1.99,1.91,2.27,1.99,1.46,1.42,1.55,1.7,1.76,1.19,1.61,1.61,1.8,1.71
2018-01-21,1.54,1.64,1.66,1.81,1.82,1.23,1.69,1.62,1.82,1.6,1.5,1.5,1.55,1.41,1.31,1.41,1.59,2.12,1.41,1.48,1.77,1.91,1.75,1.6,1.46,1.68,1.68,1.42,1.91,1.75,1.59,1.53,1.73,1.78,1.47,1.69,1.8,1.86,1.58,1.67,1.62,1.95,1.36,2.02,1.4,1.44,1.48,1.76,1.77,1.27,1.52,1.63,1.83,1.87
2018-01-14,1.47,1.56,1.39,1.81,1.73,1.19,1.61,1.45,1.79,1.71,1.3,1.54,1.53,1.32,1.32,1.45,1.45,2.02,1.49,1.46,1.57,1.98,1.68,1.54,1.44,1.48,1.58,1.42,1.91,1.67,1.46,1.55,1.63,1.77,1.39,1.73,1.82,1.53,1.33,1.55,1.6,1.81,1.32,2.03,1.31,1.5,1.42,1.85,1.97,1.25,1.53,1.59,1.82,1.93
2018-01-07,1.54,1.53,1.15,1.77,1.91,1.17,1.95,1.08,1.83,1.71,1.15,1.45,1.38,1.22,1.25,1.4,1.51,2.03,1.38,1.46,1.43,1.73,1.8,1.38,1.47,1.22,1.57,1.43,1.97,1.75,1.75,1.56,1.69,1.76,1.38,1.72,1.59,1.02,1.18,1.48,2.18,2.06,2.3,1.26,1.26,1.41,1.4,1.74,1.49,1.25,1.51,1.51,1.48,1.62
